platform,timestamp,query,text,url
newsapi,2025-10-27 15:07:00+00:00,artificial intelligence,"Google takes another piece of Nvidia, Amazon AI cake Google is having a pretty intense year, but the most important battle has been won for the company, as it emerged unscathed from the monopoly case against it... Google is having a pretty intense year, but the most important battle has been won for the company, as it emerged unscathed from the monopoly case against it.
A federal judge's ruling that Alphabet … [+4985 chars]",https://www.thestreet.com/technology/google-takes-another-piece-of-nvidia-amazon-ai-cake
newsapi,2025-10-27 15:06:43+00:00,artificial intelligence,"Mondelez Cuts Costs with AI Marketing Mondelēz Aims for Big Savings with AI-Powered Marketing Snack giant Mondelēz, the maker of beloved treats like Oreo and Cadbury, is diving headfirst into the world of artificial intelligence. The company plans to slash its marketing content production costs b… Mondelz Aims for Big Savings with AI-Powered Marketing
Snack giant Mondelz, the maker of beloved treats like Oreo and Cadbury, is diving headfirst into the world of artificial intelligence. The comp… [+2453 chars]",https://nep123.com/mondelez-cuts-costs-with-ai-marketing/
newsapi,2025-10-27 15:05:10+00:00,artificial intelligence,"Inside the Math That Detects Cheating on Sports Bets How sports betting monitors used math to catch Terry Rozier and dozens of others accused of fixing bets on basketball. The numbers did not compute.
Even before Terry Rozier dropped out of the 2023 NBA game in which he's accused of rigging his statistics, computers at an ""integrity monitor"" firm flagged a flood of be… [+5442 chars]",https://www.usatoday.com/story/news/nation/2025/10/24/nba-rozier-betting-cheating-math-monitors/86857550007/
newsapi,2025-10-27 15:04:41+00:00,artificial intelligence,"Secretary-General Calls Association of Southeast Asian Nations ‘Pillar of Multipolarity’, United Nations a ‘Proud Partner’, at Fifteenth Summit Following are UN Secretary-General António Guterres’ remarks to the fifteenth Association of Southeast Asian Nations (ASEAN)-United Nations Summit, held in Kuala Lumpur today: Following are UN Secretary-General António Guterres remarks to the fifteenth Association of Southeast Asian Nations (ASEAN)-United Nations Summit, held in Kuala Lumpur today:
Mr. Chair, Prime Minist… [+3987 chars]",https://press.un.org/en/2025/sgsm22882.doc.htm
newsapi,2025-10-27 15:02:44+00:00,artificial intelligence,"Asteroid Threat Detection and Planetary Defense Can Be Complete and Ready by 2035 We need an enhanced version of SUNSET to establish a space-based, combined discovery and early-warning system for NEOs (Near Earth Objects). If we use multiple satellites traveling ahead of Earth on its orbit we improve detections of sunward objects over sate… We need an enhanced version of SUNSET to establish a space-based, combined discovery and early-warning system for NEOs (Near Earth Objects). If we use multiple satellites traveling ahead of Earth on … [+4218 chars]",https://www.nextbigfuture.com/2025/10/asteroid-threats-and-planetary-defense-can-be-complete-and-ready-by-2035.html
newsapi,2025-10-27 15:02:21+00:00,artificial intelligence,"The stock market may be in an AI bubble. Is it time to hoard cash? The stock market is running high. Maybe too high, some observers say. Is it time to consider cash? The stock market is running high. Too high, some analysts say.
A number of Wall Street observers warn the stock market may have entered ""bubble"" territory. Its an analogy to the overhyped markets of… [+5756 chars]",https://www.usatoday.com/story/money/2025/10/27/ai-stock-market-bubble-cash/86927868007/
newsapi,2025-10-27 15:01:00+00:00,artificial intelligence,"WOA Hash Launches Web3.0 AI Cloud Computing Platform — Embark on Your Intelligent Wealth Growth Journey The convergence of artificial intelligence (AI) and Web 3.0 is ushering in a new era of intelligent productivity and decentralized value creation. The convergence of artificial intelligence (AI) and Web 3.0 is ushering in a new era of intelligent productivity… Durham, England, Oct. 27, 2025 (GLOBE NEWSWIRE) -- The convergence of artificial intelligence (AI) and Web 3.0 is ushering in a new era of intelligent productivity and decentralized value creation. W… [+4314 chars]",https://www.globenewswire.com/news-release/2025/10/27/3174780/0/en/WOA-Hash-Launches-Web3-0-AI-Cloud-Computing-Platform-Embark-on-Your-Intelligent-Wealth-Growth-Journey.html
newsapi,2025-10-27 15:00:42+00:00,artificial intelligence,"Exclusive-US Department of Energy forms $1 billion supercomputer and AI partnership with AMD WASHINGTON/SAN FRANCISCO :The U.S. has formed a $1 billion partnership with Advanced Micro Devices to construct two supercomputers that will tackle large scientific problems ranging from nuclear power to cancer treatments to national security, Energy Secretar… WASHINGTON/SAN FRANCISCO :The U.S. has formed a $1 billion partnership with Advanced Micro Devices to construct two supercomputers that will tackle large scientific problems ranging from nuclear powe… [+3189 chars]",https://www.channelnewsasia.com/business/exclusive-us-department-energy-forms-1-billion-supercomputer-and-ai-partnership-amd-5427996
newsapi,2025-10-27 15:00:42+00:00,artificial intelligence,"Exclusive-US Department of Energy forms $1 billion supercomputer and AI partnership with AMD WASHINGTON/SAN FRANCISCO (Reuters) -The U.S. has formed a $1 billion partnership with Advanced Micro Devices to construct two supercomputers that will tackle... By Timothy Gardner and Max A. Cherney
WASHINGTON/SAN FRANCISCO (Reuters) -The U.S. has formed a $1 billion partnership with Advanced Micro Devices to construct two supercomputers that will tackle la… [+3283 chars]",https://tech.yahoo.com/computing/articles/exclusive-us-department-energy-forms-150042097.html
newsapi,2025-10-27 15:00:00+00:00,artificial intelligence,"The AI Gender Gap Paradox A case for fierce ambivalence Several years ago, in an interview withQuartz, I argued that women are often mischaracterized as financially risk-averse, when a better description would be risk aware. Instead of being celebrated as… [+14859 chars]",https://ssir.org/articles/entry/ai-gender-gap-paradox
newsapi,2025-10-27 14:55:26+00:00,artificial intelligence,"Wall Street hits new highs on U.S.-China trade optimism Wall Street's major indexes reached record highs on Monday, driven by optimism over a potential U.S.-China trade deal that encouraged…
The post Wall Street hits new highs on U.S.-China trade optimism appeared first on MacDailyNews. Wall Street’s major indexes reached record highs on Monday, driven by optimism over a potential U.S.-China trade deal that encouraged risk-taking ahead of a week packed with Big Tech earnings reports… [+1586 chars]",https://macdailynews.com/2025/10/27/wall-street-hits-new-highs-on-u-s-china-trade-optimism/
newsapi,2025-10-27 14:53:19+00:00,artificial intelligence,"Uber is paying drivers to train their potential replacement Artificial intelligence (AI) is taking over the world and rapidly reshaping industries. It is becoming essential in many businesses to increase efficiency and enhance customer experience.
Yet, as technology evolves, it also sparks controversy, particularly am… Artificial intelligence (AI) is taking over the world and rapidly reshaping industries. It is becoming essential in many businesses to increase efficiency and enhance customer experience.Yet, as tech… [+151 chars]",https://biztoc.com/x/8c11ffe774593433
newsapi,2025-10-27 14:51:47+00:00,artificial intelligence,"The Hidden Cost of AI at Work: Your Self-Compassion New research reveals a troubling trend: As workers adapt to AI tools, their self-compassion declines. Discover how to protect your well-being in this new technological landscape. Have you noticed how your self-talk changes when working with artificial intelligence (AI) tools? One moment you're confidently completing familiar tasks, the next you're questioning your skills, rel… [+4186 chars]",https://www.psychologytoday.com/us/blog/from-functioning-to-flourishing/202510/the-hidden-cost-of-ai-at-work-your-self-compassion
newsapi,2025-10-27 14:51:28+00:00,artificial intelligence,Wall Street’s bull run reaches a make-or-break week as Trump-Xi talks and Fed decisions loom The S&P 500 has shot up a stunning 37% since hitting a low in April. Stocks are climbing toward more records on Monday ahead of a week packed with potentially market-moving events for Wall Street.The S&amp;P 500 rose 0.8%. The Dow Jones Industrial Average was up 210 p… [+3197 chars],https://fortune.com/2025/10/27/wall-street-bull-run-bear-market-fed-rates-decision-trump-xi/
newsapi,2025-10-27 14:49:33+00:00,artificial intelligence,"AI in the Role of Hyperreal Constructivist Alter Ego This month, the publication Fortune featured an article with the title, “Amazon founder Jeff Bezos says ‘millions of people’ will be living in space by 2045—and robots will commute on our behalf to the moon.” It quotes him as saying at an event in Italy, “I d… This month, the publication Fortune featured an article with the title, Amazon founder Jeff Bezos says millions of people will be living in space by 2045and robots will commute on our behalf to the m… [+11869 chars]",https://www.fairobserver.com/business/technology/ai-in-the-role-of-hyperreal-constructivist-alter-ego/
newsapi,2025-10-27 14:49:09+00:00,artificial intelligence,"IBM Set to Launch Platform for Managing Digital Assets IBM plans to launch a platform that will enable financial institutions, governments and corporations to manage digital assets across various blockchains while meeting their compliance obligations. The IBM Digital Asset Haven is being developed in collaboratio… IBM plans to launch a platform that will enable financial institutions, governments and corporations to manage digital assets across various blockchains while meeting their compliance obligations.The… [+2319 chars]",https://www.pymnts.com/blockchain/2025/ibm-launch-platform-managing-digital-assets/
newsapi,2025-10-27 14:47:00+00:00,artificial intelligence,"Residential Construction Market Analysis 2025-2032: Flexible Housing Formats, Eco-friendly Methods, and Advanced Digital Solutions Shape the $8.66 Trillion Industry Dublin, Oct. 27, 2025 (GLOBE NEWSWIRE) -- The ""Residential Construction Market - Global Forecast 2025-2032"" report has been added to ResearchAndMarkets.com's offering. Dublin, Oct. 27, 2025 (GLOBE NEWSWIRE) -- The ""Residential Construction Market - Global Forecast 2025-2032"" report has been added to ResearchAndMarkets.com's offering.
The residential construction m… [+10224 chars]",https://www.globenewswire.com/news-release/2025/10/27/3174764/28124/en/Residential-Construction-Market-Analysis-2025-2032-Flexible-Housing-Formats-Eco-friendly-Methods-and-Advanced-Digital-Solutions-Shape-the-8-66-Trillion-Industry.html
newsapi,2025-10-27 14:46:21+00:00,artificial intelligence,"Google President Bets On AI For Cancer Cure In 'Our Lifetime' Google’s President and Chief Investment Officer, Ruth Porat, believes the world is witnessing a period of extraordinary scientific and technological advancement, as artificial intelligence (AI) evolves into something “much more than a chatbot” — with the pote… Googles President and Chief Investment Officer, Ruth Porat, believes the world is witnessing a period of extraordinary scientific and technological advancement, as artificial intelligence (AI) evolve… [+2573 chars]",https://www.ndtvprofit.com/technology/google-president-bets-on-ai-for-cancer-cure-in-our-lifetime
newsapi,2025-10-27 14:45:22+00:00,artificial intelligence,"Apple Quietly Clears Out the M4 MacBook Pro With Hundreds Off After the M5 Launch The brand-new M5 gets the headlines, but the M4 gets the deals, and this one for $1,600 at Amazon is a big-time winner.
The post Apple Quietly Clears Out the M4 MacBook Pro With Hundreds Off After the M5 Launch appeared first on Kotaku. Apple’s new-product drops are huge events, and understandably so. The debut of a new Apple device like the M5 laptop sends thousands and perhaps millions of people to stores to be the first to have i… [+2293 chars]",https://kotaku.com/the-m4-macbook-pro-is-being-pushed-onto-the-sales-rack-go-grab-one-now-2000639133
newsapi,2025-10-27 14:44:41+00:00,artificial intelligence,"Qualcomm stock jumps 20% as new AI chips challenge Nvidia Qualcomm is turning heads on Wall Street once again. Shares of the chipmaker surged more than 20% Monday after the company announced a major push into the data center market with two new artificial intelligence chips, marking one of its boldest expansions in … Qualcomm is turning heads on Wall Street once again. Shares of the chipmaker surged more than 20% Monday after the company announced a major push into the data center market with two new artificial i… [+4431 chars]",https://rollingout.com/2025/10/27/qualcomm-stock-jumps-20-as-new-ai-chips/
newsapi,2025-10-27 14:43:18+00:00,artificial intelligence,"Utility Stocks on Fire as Data Center Demand Explodes: 5 Strong Buy Giants These five high-yielding utility stocks could benefit from the massive increase in electricity use by data centers. rodenkoff / iStock via Getty Images
Due to their continuous 24/7/365 operations, data centers consume electricity constantly. These operations involve running large numbers of servers, cooling syste… [+7830 chars]",https://247wallst.com/investing/2025/10/27/utility-stocks-on-fire-as-data-center-demand-explodes-5-strong-buy-giants/
newsapi,2025-10-27 14:42:00+00:00,artificial intelligence,"Bridge Construction Market Forecast Report 2025-2032: The Rise of Digital Twins and Green Building Standards The bridge construction market is poised for growth driven by infrastructure renewal, technological advancements, and sustainability imperatives. Key opportunities lie in digital twin technology, sustainable materials, and regional manufacturing hubs. The bri… Dublin, Oct. 27, 2025 (GLOBE NEWSWIRE) -- The ""Bridge Construction Market - Global Forecast 2025-2032"" has been added to ResearchAndMarkets.com's offering.
The Bridge Construction Market is on a tra… [+6697 chars]",https://www.globenewswire.com/news-release/2025/10/27/3174759/28124/en/Bridge-Construction-Market-Forecast-Report-2025-2032-The-Rise-of-Digital-Twins-and-Green-Building-Standards.html
newsapi,2025-10-27 14:41:15+00:00,artificial intelligence,"Acting in Self-Defense A look at the mechanics and economics of the AI-enabled cybercriminal frontier, plus actionable insights for defense. AI and the Democratization of CybercrimeDOI: 10.1145/3760249https://bit.ly/3HnXYbB
Artificial intelligence (AI) has become one of the most potent force multipliers the criminal underground has ever … [+9056 chars]",http://cacm.acm.org/opinion/acting-in-self-defense/
newsapi,2025-10-27 14:39:41+00:00,artificial intelligence,"‘We couldn’t even tweet back’: How Josh Cellars turned a meme into a 7m-case sensation When Josh Cellars went viral on X, its team couldn’t log in – but the internet did the work for them. This is the inside story of the wine brand’s accidental meme moment and the marketing rethink that followed.When Josh Cellars went viral on X in January 2024… When Josh Cellars went viral on X, its team couldnt log in but the internet did the work for them. This is the inside story of the wine brands accidental meme moment and the marketing rethink that fo… [+6857 chars]",https://www.thedrum.com/news/2025/10/27/we-couldn-t-even-tweet-back-how-josh-cellars-turned-meme-7m-case-sensation
newsapi,2025-10-27 14:39:18+00:00,artificial intelligence,"Bombay HC quashes I-T assessment order, flags non-existent AI-generated case laws The Bombay High Court has cancelled an income tax assessment. The court found the assessing officer used fake AI-generated case laws. This led to incorrect additions to a company's income. Authorities must verify AI information before using it. The case has b… The Bombay High Court has quashed an income tax assessment while flagging the use of artificial intelligence in the order and noting that the assessing officer relied on non-existent AI-generated cas… [+1644 chars]",https://economictimes.indiatimes.com/tech/artificial-intelligence/bombay-hc-quashes-i-t-assessment-order-flags-non-existent-ai-generated-case-laws/articleshow/124851981.cms
newsapi,2025-10-27 14:38:45+00:00,artificial intelligence,Android's Live Threat Detection is Getting Powerful Updates Google is upgrading Android's Live Threat Detection with a new dedicated page for centralized app management. More details here. Google is working to make its on-device security features more transparent and manageable for users. An analysis of a recent beta version of the Play Protect Service app indicates that the company is… [+2013 chars],https://www.androidheadlines.com/2025/10/google-android-live-threat-detection-updates-page-hub.html
newsapi,2025-10-27 14:37:30+00:00,artificial intelligence,"LTIMindtree signs ₹882 crore multi-year IT project deal with US chemicals company — Here's all we know LTIMindtree will provide IT services, including business applications and project execution, to a US-based chemical and polymer manufacturer. Here's what we know IT major and digital solutions company LTIMindtree on October 27 said that it has bagged a 882 crore ($100 million) worth, multi-year strategic project from a United States-based chemical and polymer… [+1948 chars]",https://www.livemint.com/companies/news/ltimindtree-signs-100-million-multi-year-it-deal-us-chemical-polymer-company-business-project-application-all-we-know-11761573916801.html
newsapi,2025-10-27 14:37:00+00:00,artificial intelligence,"Uber is paying drivers to train their potential replacement Artificial intelligence (AI) is taking over the world and rapidly reshaping industries. It is becoming essential in many businesses to increase efficiency... Artificial intelligence (AI) is taking over the world and rapidly reshaping industries. It is becoming essential in many businesses to increase efficiency and enhance customer experience.
Yet, as te… [+3546 chars]",https://www.thestreet.com/technology/uber-is-paying-drivers-to-train-their-potential-replacement
newsapi,2025-10-27 14:34:55+00:00,artificial intelligence,"Best’s Market Segment Report: Credit Fundamentals in Canada’s Property/Casualty Sector Remained Stable in 2024, Despite Record Catastrophe Year OLDWICK, N.J. — Canada’s property/casualty (P/C) insurers utilized robust capital buffers, disciplined pricing approaches and effective risk management strategies to offset the impact of the country’s costliest catastrophe year on record, according to a new A… OLDWICK, N.J. Canadas property/casualty (P/C) insurers utilized robust capital buffers, disciplined pricing approaches and effective risk management strategies to offset the impact of the countrys co… [+5927 chars]",https://financialpost.com/pmn/business-wire-news-releases-pmn/bests-market-segment-report-credit-fundamentals-in-canadas-property-casualty-sector-remained-stable-in-2024-despite-record-catastrophe-year
newsapi,2025-10-27 14:31:48+00:00,artificial intelligence,"Creativity is good for the brain and might even slow down its ageing – new study Taking up a hobby like art, dance or music classes could have significant hidden benefits. Creative experience might enhance brain health, which could slow down the brain’s ageing. 

That’s according to a study by a group of international scientists across 13 countries. They found that cre… [+8053 chars]",https://theconversation.com/creativity-is-good-for-the-brain-and-might-even-slow-down-its-ageing-new-study-267797
newsapi,2025-10-27 14:31:18+00:00,artificial intelligence,"Qualcomm accelerates data center push with new AI chips launching next year Qualcomm on Monday unveiled two artificial intelligence chips for data centers, with commercial availability from next year, as it pushes to diversify beyond smartphones and expand into the fast-growing AI infrastructure market.
Shares of Qualcomm surged near… Qualcomm on Monday unveiled two artificial intelligence chips for data centers, with commercial availability from next year, as it pushes to diversify beyond smartphones and expand into the fast-grow… [+148 chars]",https://biztoc.com/x/f6a490ab07cbddaa
newsapi,2025-10-27 14:31:00+00:00,artificial intelligence,"Glidelogic Forecast Proves 83.8% Accurate as China's Fourth Plenum Confirms 15th Five-Year Plan Themes Validating the predictive power of Glidelogic's AI-driven policy foresight platform Validating the predictive power of Glidelogic's AI-driven policy foresight platform Background
LAS VEGAS, Oct. 27, 2025 (GLOBE NEWSWIRE) -- via IBN -- Glidelogic Corp. (OTCQB:GDLG
, ""Glidelogic,"" or ""the Company"") today announced the successful validation of its pre-Plenum forecas… [+8533 chars]",https://www.globenewswire.com/news-release/2025/10/27/3174753/0/en/Glidelogic-Forecast-Proves-83-8-Accurate-as-China-s-Fourth-Plenum-Confirms-15th-Five-Year-Plan-Themes.html
newsapi,2025-10-27 14:31:00+00:00,artificial intelligence,"New ChatGPT Atlas Browser Exploit Lets Attackers Plant Persistent Hidden Commands Cybersecurity researchers have discovered a new vulnerability in OpenAI's ChatGPT Atlas web browser that could allow malicious actors to inject nefarious instructions into the artificial intelligence (AI)-powered assistant's memory and run arbitrary code.
""Th… Cybersecurity researchers have discovered a new vulnerability in OpenAI's ChatGPT Atlas web browser that could allow malicious actors to inject nefarious instructions into the artificial intelligence… [+4024 chars]",https://thehackernews.com/2025/10/new-chatgpt-atlas-browser-exploit-lets.html
newsapi,2025-10-27 14:30:52+00:00,artificial intelligence,"AI-generated receipts make submitting fake expenses easier Businesses are increasingly being deceived by employees using artificial intelligence for an age-old scam: faking expense receipts.
The launch of new image-generation models by top AI groups such as OpenAI and Google in recent months has sparked an influx of … Businesses are increasingly being deceived by employees using artificial intelligence for an age-old scam: faking expense receipts.The launch of new image-generation models by top AI groups such as O… [+148 chars]",https://biztoc.com/x/43156041e3f1587c
newsapi,2025-10-27 14:30:45+00:00,artificial intelligence,"Nvidia Stock Just Got a New Street-High Price Target. Should You Buy NVDA Now? has become the undisputed face of Wall Street’s artificial intelligence (AI) revolution — the chipmaker powering everything from ChatGPT to autonomous driving. Known for its cutting-edge GPUs and deep partnerships with tech giants, Nvidia’s silicon sits at th… has become the undisputed face of Wall Streets artificial intelligence (AI) revolution the chipmaker powering everything from ChatGPT to autonomous driving. Known for its cutting-edge GPUs and deep p… [+149 chars]",https://biztoc.com/x/bb7da36a1809949d
newsapi,2025-10-27 14:30:00+00:00,artificial intelligence,"Big Tech earnings: The 3 things Wall Street will be listening for Big Tech is on deck for earnings season this week with Magnificent Seven companies Meta Platforms (META), Microsoft (MSFT), and Alphabet (GOOGL, GOOG... What report do you think is really critical that has to come out here and be the tone setter out of all these names reporting. 
Oh, well I I mean, I think all of them. Um, look, meta on CAPEX spendi… [+4184 chars]",https://finance.yahoo.com/video/big-tech-earnings-3-things-143000573.html
newsapi,2025-10-27 14:30:00+00:00,artificial intelligence,"Clinical Workflow Solutions Market to Reach USD 32.71 Billion by 2032, at a CAGR of 12.81% Amid Digital Health Transformation – SNS Insider Global Clinical Workflow Solutions Market Growth is Driven by Healthcare Digitization, Interoperability Demand, and Growing Data Volumes. Global Clinical Workflow Solutions Market Growth is Driven by Healthcare Digitization, Interoperability Demand, and Growi… Austin, Oct. 27, 2025 (GLOBE NEWSWIRE) -- Clinical Workflow Solutions Market Size &amp; Growth Analysis
According to SNS Insider, the global Clinical Workflow Solutions Market was valued at USD 11.0… [+9255 chars]",https://www.globenewswire.com/news-release/2025/10/27/3174750/0/en/Clinical-Workflow-Solutions-Market-to-Reach-USD-32-71-Billion-by-2032-at-a-CAGR-of-12-81-Amid-Digital-Health-Transformation-SNS-Insider.html
newsapi,2025-10-27 14:29:45+00:00,artificial intelligence,"For Japan’s new leader, the key to connecting with Trump could be a Ford F-150 truck Japan’s government floated an idea to buy a fleet of Ford F-150 trucks, a meaningful gesture that may also be impractical given the narrow streets in Tokyo and other Japanese cities. TOKYO (AP) President Donald Trump opened his visit to Japan on Monday with greetings from the emperor a day before he meets new Prime Minister Sanae Takaichi, who is banking on building a friendly pe… [+7018 chars]",https://www.pbs.org/newshour/world/for-japans-new-leader-the-key-to-connecting-with-trump-could-be-a-ford-f-150-truck
newsapi,2025-10-27 14:28:39+00:00,artificial intelligence,"WWE’s AI-written future might actually be better than the hollow storylines on TV right now I love wrestling, but WWE is killing the sport by opting for profits over making a good television show – maybe AI is the answer after all. If you told me ten years ago that WWE would one day turn to artificial intelligence to write its storylines, I’d have laughed and changed the channel before the next twenty-minute promo hit.
Yet her… [+7474 chars]",https://www.techradar.com/streaming/netflix/wwes-ai-written-future-might-actually-be-better-than-the-hollow-storylines-on-tv-right-now
newsapi,2025-10-27 14:23:00+00:00,artificial intelligence,"Heavy Construction Equipment Market Report 2025: Global Revenues Grew by $13.5 Billion Over The Last Year The heavy construction equipment market is set for robust growth, driven by factors like infrastructure spending, tech innovations, and sustainability needs. Key opportunities include automation, electrification, and digital integration. Navigating tariff eff… Dublin, Oct. 27, 2025 (GLOBE NEWSWIRE) -- The ""Heavy Construction Equipment Market - Global Forecast 2025-2032"" has been added to ResearchAndMarkets.com's offering.
The Heavy Construction Equipment … [+9159 chars]",https://www.globenewswire.com/news-release/2025/10/27/3174742/28124/en/Heavy-Construction-Equipment-Market-Report-2025-Global-Revenues-Grew-by-13-5-Billion-Over-The-Last-Year.html
newsapi,2025-10-27 14:22:00+00:00,artificial intelligence,"Worldpay unveils patent-pending AI-powered 3D Secure optimisation service Worldpay today announced the launch of its innovative Authentication Optimization Service, a patent-pending solution designed to maximize payment approval rates and minimize unnecessary friction for merchants using 3D Secure (3DS) to authenticate payments. Worldpay today announced the launch of its innovative Authentication Optimization Service, a patent-pending solution designed to maximize payment approval rates and minimize unnecessary friction for … [+4038 chars]",https://www.finextra.com/pressarticle/107696/worldpay-unveils-patent-pending-ai-powered-3d-secure-optimisation-service
newsapi,2025-10-27 14:21:34+00:00,artificial intelligence,"Will Elon Musk leave Tesla as CEO? Chair Robyn Denholm warns shareholders if his $1 trillion pay package is rejected The appeal comes days ahead of the annual meeting of the EV maker on November 6 even as the Tesla board reportedly faces backlash for not acting in shareholders' best interests. Elon Musk could walk off from Tesla, a company that made him the richest person on earth, if his $1 trillion pay package was not approved by shareholders.
In a letter to shareholders on Monday, Chai… [+2286 chars]",https://www.livemint.com/companies/people/will-elon-musk-leave-tesla-as-ceo-chair-robyn-denholm-warns-shareholders-if-his-1-trillion-pay-package-is-rejected-11761571799859.html
newsapi,2025-10-27 14:19:44+00:00,artificial intelligence,"Tesla’s Next Huge Challenge Tesla Inc. (NASDAQ: TSLA) CEO Elon Musk likes to say Tesla is not a car company but a robotics and artificial intelligence (AI) company. However, a look at its most recent earnings shows that is not the case, for now. Of its $28 billion of revenue in the most… Tesla Inc. (NASDAQ: TSLA) CEO Elon Musk likes to say Tesla is not a car company but a robotics and artificial intelligence (AI) company. However, a look at its most recent earnings shows that is not … [+148 chars]",https://biztoc.com/x/9143836e86d28d4a
newsapi,2025-10-27 14:19:32+00:00,artificial intelligence,"Qualcomm Enters AI Data Center Market, Signs Humain As First Customer Qualcomm announced its entry into the market for processors for artificial intelligence data centers. Qualcomm stock jumped on the news. Mobile device chipmaker Qualcomm (QCOM) on Monday announced its entry into the market for processors for artificial intelligence data centers. Qualcomm stock jumped on the news.
Qualcomm announced t… [+2085 chars]",https://www.investors.com/news/technology/qualcomm-stock-chipmaker-enters-ai-data-center-market/
newsapi,2025-10-27 14:17:47+00:00,artificial intelligence,"Advanced Micro Devices Jumps After AI Partnership With OpenAI Chipmaker positioned as key rival to Nvidia in expanding AI market This article first appeared on GuruFocus.
Advanced Micro Devices (AMD, Financials) is having a breakout moment. The chipmaker's stock jumped after announcing a major partnership with OpenAI a deal t… [+1039 chars]",https://finance.yahoo.com/news/advanced-micro-devices-jumps-ai-141747642.html
newsapi,2025-10-27 14:17:44+00:00,artificial intelligence,"Automation reshaping offices and factories across sectors—analysis Automation technology is evolving, with robotic process automation having evolved into intelligent automation. Automation is reshaping offices and factories and changing the nature of work across sectors, a series of reports show.
In addition, the technology itself is evolving, with robotic process automatio… [+6879 chars]",https://www.verdict.co.uk/automation-reshaping-offices-and-factories-across-sectors-analysis/
newsapi,2025-10-27 14:15:00+00:00,artificial intelligence,"Liquid Dietary Supplements Market Size to Exceed USD 54.50 Billion by 2034 | Towards FnB According to Towards FnB, the global liquid dietary supplements market size is evaluated at USD 25.51 billion in 2025 and is anticipated to surge USD 54.50 billion by 2034, reflecting at a CAGR of 8.8% from 2025 to 2034. The market has observed growth in the … Ottawa, Oct. 27, 2025 (GLOBE NEWSWIRE) -- The global liquid dietary supplements market size stood at USD 23.45 billion in 2024 and is predicted to increase from USD 25.51 billion in 2025 to USD 54.50… [+30479 chars]",https://www.globenewswire.com/news-release/2025/10/27/3174735/0/en/Liquid-Dietary-Supplements-Market-Size-to-Exceed-USD-54-50-Billion-by-2034-Towards-FnB.html
newsapi,2025-10-27 14:15:00+00:00,artificial intelligence,"Construction Equipment Rental Industry Report 2025-2030: How Electrification and Telematics Drive New Competitive Landscapes in Equipment Rental Key market opportunities in the construction equipment rental sector arise from fleet optimization via digital innovation, regulatory shifts favoring low-emission solutions, and evolving demand for flexible rental models Key market opportunities in the constr… Dublin, Oct. 27, 2025 (GLOBE NEWSWIRE) -- The ""Construction Equipment Rental Market - Global Forecast 2025-2030"" has been added to ResearchAndMarkets.com's offering.
In an era of rapid technological… [+9402 chars]",https://www.globenewswire.com/news-release/2025/10/27/3174736/28124/en/Construction-Equipment-Rental-Industry-Report-2025-2030-How-Electrification-and-Telematics-Drive-New-Competitive-Landscapes-in-Equipment-Rental.html
newsapi,2025-10-27 14:13:00+00:00,artificial intelligence,"Halo Remake Wasn’t Forced To Use Generative AI With the reveal of Halo: Campaign Evolved arriving next year for consoles and PC, developer Halo Studios has come forward to say that, while no one on the development team was required to use generative AI, they're not opposed to using it as the ""tool"" that i… With the reveal of Halo: Campaign Evolved arriving next year for consoles and PC, developer Halo Studios has come forward to say that, while no one on the development team was required to use generat… [+2833 chars]",https://www.gamespot.com/articles/halo-remake-wasnt-forced-to-use-generative-ai/1100-6535730/
newsapi,2025-10-27 14:12:56+00:00,artificial intelligence,"18 Trending AI Projects on GitHub You Should Explore to Enhance Your Workflows What if the next big leap in artificial intelligence was just a GitHub repository away? With AI evolving at breakneck speed, developers and innovators are constantly pushing boundaries, crafting tools that redefine how we interact with technology. From AI sys… What if the next big leap in artificial intelligence was just a GitHub repository away? With AI evolving at breakneck speed, developers and innovators are constantly pushing boundaries, crafting tool… [+9658 chars]",https://www.geeky-gadgets.com/secondme-privacy-focused-ai/
newsapi,2025-10-27 14:12:00+00:00,artificial intelligence,"Prenetics Announces Oversubscribed Approximately $48 Million Equity Offering with Potential for $216 Million in Total Proceeds to Fuel IM8’s Global Expansion and Bitcoin Treasury Strategy Distinguished Investor Group Includes Kraken, American Ventures, Exodus (NYSE: EXOD), XtalPi (2228.hk), DL Holdings (1709.hk) GPTX by Jihan Wu and Leading Institutions Distinguished Investor Group Includes Kraken, American Ventures, Exodus (NYSE: EXOD), XtalPi (2228.hk), DL Holdings (1709.hk) GPTX by Jihan Wu and Leading Institutions
World No. 1 and 4-time Grand S… [+15381 chars]",https://www.globenewswire.com/news-release/2025/10/27/3174731/0/en/Prenetics-Announces-Oversubscribed-Approximately-48-Million-Equity-Offering-with-Potential-for-216-Million-in-Total-Proceeds-to-Fuel-IM8-s-Global-Expansion-and-Bitcoin-Treasury-Str.html
newsapi,2025-10-27 14:09:04+00:00,artificial intelligence,"Qualcomm Unveils New AI Chips To Compete In Data Center Race Qualcomm Technologies, Inc. (NASDAQ:QCOM) announced on Monday the launch of its next-generation artificial intelligence inference-optimized solutions for data centers, namely the Qualcomm AI200 and AI250 chip-based accelerator cards and racks.
QCOM is showing… Qualcomm Technologies, Inc. (NASDAQ:QCOM) announced on Monday the launch of its next-generation artificial intelligence inference-optimized solutions for data centers, namely the Qualcomm AI200 and A… [+142 chars]",https://biztoc.com/x/e16243b7af9aa414
newsapi,2025-10-27 14:04:50+00:00,artificial intelligence,"Nasdaq rises 350 points as Big Tech earnings loom Wall Street kicked off the week with renewed optimism as the Nasdaq Composite Index jumped 1.33 percent in Monday’s premarket trading session. The tech-heavy index climbed approximately 350 points, rising from last week’s close at 25,510 to reach 25,850 befor… Wall Street kicked off the week with renewed optimism as the Nasdaq Composite Index jumped 1.33 percent in Monday’s premarket trading session. The tech-heavy index climbed approximately 350 points, r… [+4880 chars]",https://rollingout.com/2025/10/27/nasdaq-surges-trade-optimism-tech/
newsapi,2025-10-27 14:04:25+00:00,artificial intelligence,"ZeroKey Launches OmniVisor AI™: A New Era of Intelligent Factory Operations CALGARY, Alberta — ZeroKey, a member of the NVIDIA Inception Program and the company behind Quantum RTLS™, the world’s most accurate industrial real‑time location system, today announced OmniVisor AI™, an advanced artificial intelligence platform for smart fa… CALGARY, Alberta ZeroKey, a member of the NVIDIA Inception Program and the company behind Quantum RTLS, the worlds most accurate industrial realtime location system, today announced OmniVisor AI, an … [+4904 chars]",https://financialpost.com/pmn/business-wire-news-releases-pmn/zerokey-launches-omnivisor-ai-a-new-era-of-intelligent-factory-operations
newsapi,2025-10-27 14:04:00+00:00,artificial intelligence,"AI/R’s WEBJUMP Redefines Customer Experiences Through AI-Powered Adobe Target Integration WEBJUMP announces the strategic integration of Adobe Target with cutting-edge artificial intelligence, unlocking next-generation customer experiences....... SAN FRANCISCO, Oct. 27, 2025 (GLOBE NEWSWIRE) -- AI/R Company subsidiary WEBJUMP, a leader in e-commerce and digital experience solutions, announced today the strategic integration of Adobe Target wi… [+2802 chars]",https://www.globenewswire.com/news-release/2025/10/27/3174723/0/en/AI-R-s-WEBJUMP-Redefines-Customer-Experiences-Through-AI-Powered-Adobe-Target-Integration.html
newsapi,2025-10-27 14:03:32+00:00,artificial intelligence,"Top economist warns: These 2 states could tip America into recession while another one is in danger zone US recession risk 2025: The US economy is very close to recession, with nearly a third of states already in or at high risk of downturn. Industrial hubs like Michigan are struggling due to trade wars and supply chain issues. The fate of the nation's economy m… US recession risk 2025: The US economy is still managing to avoid a recession, but just barely, and its fate may rest on two economic powerhouses: California and New York, according to Moodys Analyti… [+4713 chars]",https://economictimes.indiatimes.com/news/international/us/us-recession-risk-2025-mark-zandi-warns-california-and-new-york-could-tip-america-into-recession-while-another-one-is-in-danger-zone/articleshow/124850391.cms
newsapi,2025-10-27 14:03:15+00:00,artificial intelligence,"Qualcomm announces new AI chips in data center push, shares surge Qualcomm on Monday unveiled two artificial intelligence chips for data centers that will be available next year, diversifying beyond a stagnant smartphones market and sending its shares up 20 per cent.The share gain following the news underscores strong enthu… Qualcomm on Monday unveiled two artificial intelligence chips for data centers that will be available next year, diversifying beyond a stagnant smartphones market and sending its shares up 20 per cen… [+1959 chars]",https://www.channelnewsasia.com/business/qualcomm-announces-new-ai-chips-in-data-center-push-shares-surge-5427911
newsapi,2025-10-27 14:03:15+00:00,artificial intelligence,"Qualcomm accelerates data center push with new AI chips launching next year Qualcomm on Monday unveiled two artificial intelligence chips for data centers, with commercial availability from next year, as it pushes to diversify beyond smartphones and expand into the fast-growing AI infrastructure market.The new chips, called AI200 and… Qualcomm on Monday unveiled two artificial intelligence chips for data centers, with commercial availability from next year, as it pushes to diversify beyond smartphones and expand into the fast-grow… [+1228 chars]",https://www.channelnewsasia.com/business/qualcomm-accelerates-data-center-push-new-ai-chips-launching-next-year-5427911
newsapi,2025-10-27 14:00:36+00:00,artificial intelligence,"Qualcomm accelerates data center push with new AI chips launching next year Shares of Qualcomm surged nearly 15% on the news.  The new chips, called AI200 and AI250, are designed for improved memory capacity and running AI... (Reuters) -Qualcomm on Monday unveiled two artificial intelligence chips for data centers, with commercial availability from next year, as it pushes to diversify beyond smartphones and expand into th… [+1368 chars]",https://finance.yahoo.com/news/qualcomm-accelerates-data-center-push-140036225.html
newsapi,2025-10-27 14:00:01+00:00,artificial intelligence,"Qualcomm announces AI chips to compete with AMD and Nvidia The AI200, expected in 2026, and the AI250, planned for 2027, both can come in a system that fills up a full, liquid-cooled server rack, Qualcomm said. Qualcomm announced Monday that it will release new artificial intelligence accelerator chips, marking new competition for Nvidia, which has so far dominated the market for AI semiconductors.
The AI … [+3476 chars]",https://www.cnbc.com/2025/10/27/qualcomm-ai200-ai250-ai-chips-nvidia-amd.html
newsapi,2025-10-27 14:00:00+00:00,artificial intelligence,What Should Retailers Do About AI Shoppers? Autonomous agents are taking over the customer journey—from search to checkout—and companies that wait to adapt risk being cut out entirely. The first and only buying conversation for some consumers might soon be between two digital entities: the consumers shopping agent and a vendors systems. Artificial intelligence agentsautonomous syst… [+498 chars],https://hbr.org/2025/10/what-should-retailers-do-about-ai-shoppers
newsapi,2025-10-27 14:00:00+00:00,artificial intelligence,"A HAZOP-based hazard identification model for urban gas accidents: Development and empirical validation Urban gas accidents pose significant threats to public safety and urban infrastructure, with traditional hazard identification methods often relying on manual inspections and experience-based judgments, leading to incomplete or inconsistent results. To addres… Abstract
Urban gas accidents pose significant threats to public safety and urban infrastructure, with traditional hazard identification methods often relying on manual inspections and experience-bas… [+24040 chars]",https://journals.plos.org/plosone/article?id=10.1371/journal.pone.0333431
newsapi,2025-10-27 14:00:00+00:00,artificial intelligence,"A semi-automated algorithm for image analysis of respiratory organoids Author summary In this study, we developed a semi-automated tool to analyze images of respiratory organoids—3D cell structures that mimic the human respiratory system. These organoids are vital for studying diseases like cystic fibrosis and testing potential … Abstract
Respiratory organoids have emerged as a powerful in vitro model for studying respiratory diseases and drug discovery. However, the high-throughput analysis of organoid images remains a chal… [+49899 chars]",https://journals.plos.org/ploscompbiol/article?id=10.1371/journal.pcbi.1013589
newsapi,2025-10-27 14:00:00+00:00,artificial intelligence,"Analyzing the adoption of AIGC tools in fashion design: An S-O-R framework integrating task–technology fit AI-Generated Content (AIGC) tools have rapidly emerged in the field of apparel design in recent years, but how designers adopt these tools and the psychological mechanisms behind them are unclear. This study constructs a model based on the stimulus-organism-r… Abstract
AI-Generated Content (AIGC) tools have rapidly emerged in the field of apparel design in recent years, but how designers adopt these tools and the psychological mechanisms behind them are u… [+67167 chars]",https://journals.plos.org/plosone/article?id=10.1371/journal.pone.0335522
newsapi,2025-10-27 14:00:00+00:00,artificial intelligence,"Stylometry can reveal artificial intelligence authorship, but humans struggle: A comparison of human and seven large language models in Japanese The purpose of this study was to estimate the artificial intelligence (AI) detection potential using stylometric analysis in Study 1 and examine the AI detection abilities of humans in Study 2. In Study 1, we compared 100 human-written public comments with 35… Abstract
The purpose of this study was to estimate the artificial intelligence (AI) detection potential using stylometric analysis in Study 1 and examine the AI detection abilities of humans in Stud… [+47370 chars]",https://journals.plos.org/plosone/article?id=10.1371/journal.pone.0335369
newsapi,2025-10-27 14:00:00+00:00,artificial intelligence,"MONTUR project: Dataset for understanding and forecasting tourist flows This study presents an advanced system for monitoring and forecasting tourist flows in the Aosta Valley using distributed sensor technologies, cameras, and machine learning algorithms. This innovative system is designed to provide real-time data on arrivals a… Abstract
This study presents an advanced system for monitoring and forecasting tourist flows in the Aosta Valley using distributed sensor technologies, cameras, and machine learning algorithms. This… [+34994 chars]",https://journals.plos.org/plosone/article?id=10.1371/journal.pone.0335190
newsapi,2025-10-27 13:58:27+00:00,artificial intelligence,"AI to cure cancer in our lifetime? Google's President and CIO Ruth Porat believes so, here's why Google's Ruth Porat believes that AI has transformative potential and could significantly reshape industries and healthcare. The president and chief investment officer thinks that AI will move from chatbots to curing cancer. Here's how… Google's president and chief investment officer Ruth Porat believes we are living in a time of significant breakthrough as artificial intelligence evolves from much more than a chatbot and can play a… [+2643 chars]",https://www.livemint.com/companies/people/google-president-investment-ruth-porat-says-ai-more-than-chatbots-optimistic-ai-should-be-able-cure-cancer-our-lifetime-11761555887969.html
newsapi,2025-10-27 13:51:09+00:00,artificial intelligence,"Stocks gain, gold sags on trade deal optimism LONDON (Reuters) -Global stocks bounced on Monday, while safe-haven gold and bonds retreated, as signs of cooling trade tensions between China and the U... By Amanda Cooper
LONDON (Reuters) -Global stocks bounced on Monday, while safe-haven gold and bonds retreated, as signs of cooling trade tensions between China and the U.S. encouraged investors, mar… [+3704 chars]",https://finance.yahoo.com/news/stocks-gain-gold-sags-trade-135109872.html
newsapi,2025-10-27 13:51:00+00:00,artificial intelligence,"I let an AI avatar set me up on a date – here’s what happened A new dating app ‘Amata’ offers an alternative to endless swiping – but its solution of giving AI matchmakers control of our love lives feels much bleaker On an otherwise ordinary night in late October, I went on my second dating app date ever. Before you ask, no, it wasnt from Hinge. Nor was it from Tinder (scarred from college) or Raya (too many crea… [+6554 chars]",https://www.dazeddigital.com/life-culture/article/68967/1/would-you-let-ai-plan-your-next-date-amata-dating-app-review?utm_source=Link&utm_medium=Link&utm_campaign=RSSFeed&utm_term=i-let-an-ai-avatar-set-me-up-on-a-date-here-s-what-happened
newsapi,2025-10-27 13:48:47+00:00,artificial intelligence,"US stocks rally toward more records ahead of pivotal week for Wall Street Stocks are rallying toward more records ahead of a week packed with potentially market-moving events. NEW YORK (AP) Stocks are climbing toward more records on Monday ahead of a week packed with potentially market-moving events for Wall Street.
The S&amp;P 500 rose 0.8%. The Dow Jones Industrial Aver… [+3263 chars]",https://www.bostonherald.com/2025/10/27/financial-markets-influential-week-ahead/
newsapi,2025-10-27 13:47:06+00:00,artificial intelligence,"Tesla’s Next Huge Challenge Tesla Inc. (NASDAQ: TSLA) CEO Elon Musk likes to say Tesla is not a car company but a robotics and artificial intelligence (AI) company. However, a look at its most recent earnings shows that is not the case, for now. Of its $28 billion of revenue in the most… Tesla Inc. (NASDAQ: TSLA) CEO Elon Musk likes to say Tesla is not a car company but a robotics and artificial intelligence (AI) company. However, a look at its most recent earnings shows that is not … [+144 chars]",https://biztoc.com/x/81e8762552002292
newsapi,2025-10-27 13:46:14+00:00,artificial intelligence,"None The Year in Infrastructure 2025: Bentley Systems Charts an AI-Driven World Amsterdam has always been a city of engineering audacity. As one speaker noted, “The city floats on wooden piles sunk deep into marshy ground, an infrastructure of faith that water cou… The Year in Infrastructure 2025: Bentley Systems Charts an AI-Driven World
Amsterdam has always been a city of engineering audacity. As one speaker noted, The city floats on wooden piles sunk deep i… [+9758 chars]",https://logisticsviewpoints.com/2025/10/27/33626/
newsapi,2025-10-27 13:44:57+00:00,artificial intelligence,"Tesla Q3: Numbers You May Have Missed Tesla's revenue for the quarter increased by 12% year-over-year, as customers in the U.S. hurried to purchase electric vehicles before tax benefits lapsed in September. Photo illustration by Cheng Xin/Getty Images
Getty Images
Tesla (NASDAQ:TSLA)
 released a mixed set of Q3 2025 results. Tesla Revenue
 for the quarter increased by 12% year-over-year, marking the… [+3932 chars]",https://www.forbes.com/sites/greatspeculations/2025/10/27/tesla-q3-numbers-you-may-have-missed/
newsapi,2025-10-27 13:44:16+00:00,artificial intelligence,"Microsoft upgraded, Harley-Davidson downgraded: Wall Street's top analyst calls Microsoft upgraded, Harley-Davidson downgraded: Wall Street's top analyst calls The most talked about and market moving research calls around Wall Street are now in one place. Here are today's research calls that investors need to know, as compiled by The Fly.<li>Guggenheim upgr… [+2793 chars]",https://finance.yahoo.com/news/microsoft-upgraded-harley-davidson-downgraded-134416753.html
newsapi,2025-10-27 13:43:43+00:00,artificial intelligence,"Elon Musk to leave Tesla? Key official says $1 trillion pay package holds key Proposed pay package would grant Tesla boss Elon Musk 12 tranches of stock options tied to ambitious targets, including a market capitalization of $8.5 trillion and milestones in autonomous driving and robotics. Elon Musk could leave Tesla as CEO if his proposed $1 trillion pay package was not approved, Chair Robyn Denholm warned in a letter to shareholders on Monday. The appeal comes ahead of the November 6… [+1546 chars]",https://economictimes.indiatimes.com/news/international/us/elon-musk-to-leave-tesla-key-official-says-1-trillion-pay-package-holds-key/articleshow/124851059.cms
newsapi,2025-10-27 13:43:39+00:00,artificial intelligence,"Help Improve Europe’s AI to Tackle Disinformation: Join the AI4TRUST Pilot A European project is calling on journalists, fact-checkers, researchers, and policymakers to test its new AI platform designed to strengthen trust in information. 

The AI4TRUST project, funded by the European Union under the Horizon “AI to fight disinforma… A European project is calling on journalists, fact-checkers, researchers, and policymakers to test its new AI platform designed to strengthen trust in information. 
The AI4TRUST project, funded by t… [+3202 chars]",http://pr.euractiv.com/node/271241
newsapi,2025-10-27 13:41:37+00:00,artificial intelligence,"Kendra Dinkins shoulders 103 years of electrical excellence In a city where skyscrapers rise like monuments to ambition, Kendra Dinkins occupies a unique position atop one of Chicago’s most enduring business dynasties. As the fourth-generation leader of Taylor Electric Company, she carries the weight of 103 years of f… In a city where skyscrapers rise like monuments to ambition, Kendra Dinkins occupies a unique position atop one of Chicago’s most enduring business dynasties. As the fourth-generation leader of Taylo… [+4377 chars]",https://rollingout.com/2025/10/27/kendra-dinkins-103-years-of-excellence/
newsapi,2025-10-27 13:37:00+00:00,artificial intelligence,"Buy 5 Nuclear Energy Stocks Amid Massive AI-Powered Data Center Growth AI-driven data center demand is fueling a nuclear energy boom. D, DUK, AEE, ETR and PCG are five stocks poised to benefit from the surge. Artificial intelligence (AI)-powered data centers have become a booming industry now. The AI infrastructure space remains rock solid supported by an extremely bullish demand scenario. Research firm M… [+8014 chars]",https://finance.yahoo.com/news/buy-5-nuclear-energy-stocks-133700744.html
newsapi,2025-10-27 13:37:00+00:00,artificial intelligence,"Introducing Elegia: The Independent AI Orchestrator for Hospitality A new chapter in hospitality technology begins with the launch of Elegia, a pioneering consultancy and integrator that defines itself as the independent AI orchestrator for the modern hotelier. In a world where artificial intelligence has evolved from experim… A new chapter in hospitality technology begins with the launch of Elegia, a pioneering consultancy and integrator that defines itself as the independent AI orchestrator for the modern hotelier. In a … [+5758 chars]",https://www.hospitalitynet.org/news/4129499.html
newsapi,2025-10-27 13:36:00+00:00,artificial intelligence,"ConnectM Launches Keen Labs Subsidiary to Accelerate AI and Energy Transition Technologies ConnectM launches Keen Labs, an AI-driven tech arm accelerating innovation in energy, mobility, and industrial IoT with strong growth momentum....... MARLBOROUGH, Mass, Oct. 27, 2025 (GLOBE NEWSWIRE) -- ConnectM Technology Solutions, Inc. (ConnectM) (OTC: CNTM) today announced the launch of its new, wholly owned technology subsidiary, Keen Labs (w… [+6384 chars]",https://www.globenewswire.com/news-release/2025/10/27/3174683/0/en/ConnectM-Launches-Keen-Labs-Subsidiary-to-Accelerate-AI-and-Energy-Transition-Technologies.html
newsapi,2025-10-27 13:34:21+00:00,artificial intelligence,Venture Capital Is Back in Proptech and Picking Winners Based on AI Integration A recent analysis by the Center for Real Estate Technology & Innovation (CRETI) shows a decisive shift in real estate technology: Artificial intelligence has become the organizing principle of venture capital allocation across commercial real estate. Year-to-… A recent analysis by the Center for Real Estate Technology &amp; Innovation (CRETI) shows a decisive shift in real estate technology: Artificial intelligence has become the organizing principle of ve… [+4465 chars],http://commercialobserver.com/2025/10/venture-capital-proptech-2026/
newsapi,2025-10-27 13:32:08+00:00,artificial intelligence,"Introducing Elegia: The Independent AI Orchestrator for Hospitality A new chapter in hospitality technology begins with the launch of Elegia, a pioneering consultancy and integrator that defines itself as the independent AI orchestrator for the modern hotelier. In a world where artificial intelligence has evolved from experim… Rome, Italy A new chapter in hospitality technology begins with the launch of Elegia, a pioneering consultancy and integrator that defines itself as the independent AI orchestrator for the modern hot… [+5757 chars]",https://www.hospitalitynet.org/news/4129498.html
newsapi,2025-10-27 13:30:32+00:00,artificial intelligence,"Flying Is Safe Thanks to Data and Cooperation—What the AI Industry Could Learn From Airlines on Safety Flying is routine and safe. Hard lessons were learned to make it that way. This article is republished from The Conversation under a Creative Commons license. Read the original article.
Approximately 185,000 people have died in civilian aviation accidents since the advent … [+6459 chars]",https://gizmodo.com/flying-is-safe-thanks-to-data-and-cooperation-what-the-ai-industry-could-learn-from-airlines-on-safety-2000677427
newsapi,2025-10-27 13:25:14+00:00,artificial intelligence,"Meet the Newest Artificial Intelligence (AI) Stock in the Dow Jones. It Has Soared 268% Since Early Last Year, and It's Still a Buy Right Now, According to Wall Street Meet the Newest Artificial Intelligence (AI) Stock in the Dow Jones. It Has Soared 268% Since Early Last Year, and It's Still a Buy Right Now, According to Wall Street
Key Points
-
Nvidia is the newest member of the Dow Jones, providing the index with some mu… Meet the Newest Artificial Intelligence (AI) Stock in the Dow Jones. It Has Soared 268% Since Early Last Year, and It's Still a Buy Right Now, According to Wall StreetKey Points-Nvidia is the newest … [+145 chars]",https://biztoc.com/x/b8ce3654d300ed72
newsapi,2025-10-27 13:22:00+00:00,artificial intelligence,"Kidney Stone Management Market Size Worth USD 4.02 Bn by 2034 According to Precedence Research, the global kidney stone management market size will grow from USD 2.67 billion in 2025 to nearly USD 4.02 billion by 2034, with an expected CAGR of 4.65% from 2025 to 2034. According to Precedence Research, the global kidney … Ottawa, Oct. 27, 2025 (GLOBE NEWSWIRE) -- The global kidney stone management market size is expected to be worth over USD 4.02 billion by 2034, increasing from USD 2.67 billion in 2025, growing at a … [+24882 chars]",https://www.globenewswire.com/news-release/2025/10/27/3174674/0/en/Kidney-Stone-Management-Market-Size-Worth-USD-4-02-Bn-by-2034.html
newsapi,2025-10-27 13:20:00+00:00,artificial intelligence,"Business models need to be transformed to unlock AI’s true potential, IBM senior VP says Business leaders must rethink their operating models to realize AI’s full value, IBM’s Ana Paula Assis says. AI has the potential to boost productivity within organizations, but only once business models have been transformed, according to Ana Paula Assis, Senior Vice President and Chair, EMEA and Growth Ma… [+2483 chars]",https://fortune.com/2025/10/27/ai-ibm-business-models-transformed-adopt-tech/
newsapi,2025-10-27 13:15:00+00:00,artificial intelligence,"Reliance Global Group (RELI) Adds Solana (SOL) to Digital Asset Treasury, Expanding High-Performance Blockchain Holdings Solana’s Lightning-Fast, Low-Cost Network Strengthens RELI’s Blockchain Portfolio   Company Reaffirms Special Dividend for December 2, 2025, Payable to...... Solanas Lightning-Fast, Low-Cost Network Strengthens RELIs Blockchain Portfolio
 Company Reaffirms Special Dividend for December 2, 2025, Payable to Shareholders of Record on October 30, 2025
LAKEW… [+7404 chars]",https://www.globenewswire.com/news-release/2025/10/27/3174666/0/en/Reliance-Global-Group-RELI-Adds-Solana-SOL-to-Digital-Asset-Treasury-Expanding-High-Performance-Blockchain-Holdings.html
newsapi,2025-10-27 13:15:00+00:00,artificial intelligence,"Turbo Energy Announces Appointment of Lucia Tamarit as Company’s New Chief Financial Officer VALENCIA, Spain, Oct. 27, 2025 (GLOBE NEWSWIRE) -- Turbo Energy S.A. (Nasdaq: TURB) (“Turbo Energy” or the “Company”), a global provider of leading-edge, AI-optimized solar energy storage technologies and solutions, today announced the appointment of Lucia Ta… VALENCIA, Spain, Oct. 27, 2025 (GLOBE NEWSWIRE) -- Turbo Energy S.A. (Nasdaq: TURB) (Turbo Energy or the Company), a global provider of leading-edge, AI-optimized solar energy storage technologies an… [+5699 chars]",https://www.globenewswire.com/news-release/2025/10/27/3174668/0/en/Turbo-Energy-Announces-Appointment-of-Lucia-Tamarit-as-Company-s-New-Chief-Financial-Officer.html
newsapi,2025-10-27 13:13:31+00:00,artificial intelligence,"The AI wave: For a maximalist, things couldn’t be better The world is in the midst of an AI wave that is driving unprecedented transformation: the creation of globe-spanning computing systems for Artificial Intelligence. McKinsey estimated this massive infrastructure project will cost $7 trillion in the next five y… The world is in the midst of an AI wave that is driving unprecedented transformation: the creation of globe-spanning computing systems for Artificial Intelligence. McKinsey estimated this massive inf… [+144 chars]",https://biztoc.com/x/0e3341bed219cffe
newsapi,2025-10-27 13:13:30+00:00,artificial intelligence,"As Takeover Rumors Swirl, Should You Buy DigitalOcean Stock? DigitalOcean Holdings (DOCN) stock has been performing well this year, driven by strong earnings and growing optimism around its artificial intelligence (AI)- focused cloud offerings. Unlike giants such as Amazon's (AMZN) Amazon Web Services (AWS) and Microso… DigitalOcean Holdings (DOCN) stock has been performing well this year, driven by strong earnings and growing optimism around its artificial intelligence (AI)- focused cloud offerings. Unlike giants s… [+136 chars]",https://biztoc.com/x/4a351f1c8e3edcfd
newsapi,2025-10-27 13:13:01+00:00,artificial intelligence,"Sora 2 Pro vs Veo 3.1: The AI Video Generation Battle You Can’t Miss! What if the future of video creation wasn’t just about cameras, scripts, or editing software, but about harnessing the power of artificial intelligence to bring your imagination to life? Enter the showdown between Google Veo 3.1 and OpenAI Sora 2 Pro, two inn… What if the future of video creation wasnt just about cameras, scripts, or editing software, but about harnessing the power of artificial intelligence to bring your imagination to life? Enter the sho… [+6759 chars]",https://www.geeky-gadgets.com/ai-video-generation-comparison-sora-2-vs-veo-3/
newsapi,2025-10-27 13:12:25+00:00,artificial intelligence,"How the Artificial Intelligence Boom is Transforming Talent Acquisition in the Fintech Sector (Dmytro Spilka) More fintech firms than ever are beginning to embrace the transformative potential of artificial int... More fintech firms than ever are beginning to embrace the transformative potential of artificial intelligence, but how is the technology helping to reshape talent acquisition throughout the sector? … [+5367 chars]",https://www.finextra.com/blogposting/29671/how-the-artificial-intelligence-boom-is-transforming-talent-acquisition-in-the-fintech-sector
newsapi,2025-10-27 13:11:00+00:00,artificial intelligence,"Structural Steel Market Size to Surpass USD 188.63 Billion by 2034 According to Towards Chemical and Materials, the global structural steel market size is calculated at USD 119.12 billion in 2025 and is expected to surpass around USD 188.63 billion by 2034, growing at a compound annual growth rate (CAGR) of 5.24% over the fo… Ottawa, Oct. 27, 2025 (GLOBE NEWSWIRE) -- The global structural steel market size
 was accounted for USD 113.12 billion in 2024 and is anticipated to hit around USD 188.63 billion by 2034, growing a… [+27162 chars]",https://www.globenewswire.com/news-release/2025/10/27/3174664/0/en/Structural-Steel-Market-Size-to-Surpass-USD-188-63-Billion-by-2034.html
newsapi,2025-10-27 13:06:20+00:00,artificial intelligence,"Musk could leave Tesla if $1 trillion pay plan is rejected, chair warns Elon Musk could leave Tesla as CEO if his proposed $1 trillion pay package was not approved, Chair Robyn Denholm warned in a letter to shareholders on Monday.The appeal comes ahead of the November 6 annual meeting, with Tesla's board having faced repeated cri… Elon Musk could leave Tesla as CEO if his proposed $1 trillion pay package was not approved, Chair Robyn Denholm warned in a letter to shareholders on Monday.
The appeal comes ahead of the November … [+1373 chars]",https://www.channelnewsasia.com/business/musk-could-leave-tesla-if-1-trillion-pay-plan-rejected-chair-warns-5427791
newsapi,2025-10-27 13:05:00+00:00,artificial intelligence,"Carbon Black Market Size to Cross USD 44.77 Billion by 2034 According to Towards Chemical and Materials, the global carbon black market valuation is estimated to reach USD 29.23 billion in 2025 and is anticipated to grow to USD 44.77 billion by 2034, growing at a compound annual growth rate (CAGR) of 4.85% over the fo… Ottawa, Oct. 27, 2025 (GLOBE NEWSWIRE) -- The global carbon black market size was reached at USD 27.88 billion in 2024 and is expected to be worth around USD 44.77 billion by 2034, growing at a compo… [+27472 chars]",https://www.globenewswire.com/news-release/2025/10/27/3174660/0/en/Carbon-Black-Market-Size-to-Cross-USD-44-77-Billion-by-2034.html
newsapi,2025-10-27 13:04:00+00:00,artificial intelligence,"Amanuensis Monday -- 1676 Will of John Gorton (1613-1676) of Roxbury, Massachusetts Bay Colony None This week's document for transcription is the 1676 Will of John Gorton (1610-1676) of Roxbury, Massachusetts Bay Colony.*  Suffolk County, Massachusetts, Probate Records  Case 833, John Gorton, 1676,… [+5422 chars]",https://www.blogger.com/comment/fullpage/post/26204193/8346230745326814786
newsapi,2025-10-27 13:03:48+00:00,artificial intelligence,"Boosted.ai Launches Industry-First Conversational Agents for Investment Management Research with ElevenLabs NEW YORK & TORONTO — Boosted.ai today announced the launch of voice-powered AI research agents, becoming the first investment research platform to empower professionals to talk to their data in real time. Increasing client engagement with voice-first assistan… NEW YORK &amp; TORONTO Boosted.ai today announced the launch of voice-powered AI research agents, becoming the first investment research platform to empower professionals to talk to their data in rea… [+7652 chars]",https://financialpost.com/pmn/business-wire-news-releases-pmn/boosted-ai-launches-industry-first-conversational-agents-for-investment-management-research-with-elevenlabs
newsapi,2025-10-27 13:02:39+00:00,artificial intelligence,"Prediction: This Artificial Intelligence (AI) Stock Will Soar After Nov. 4 (Hint: It's Not Palantir) Prediction: This Artificial Intelligence (AI) Stock Will Soar After Nov. 4 (Hint: It's Not Palantir)
Key Points
-
Investors will be waiting eagerly to see what Palantir's upcoming earnings report has in store for them, but they should also take a look at anot… Prediction: This Artificial Intelligence (AI) Stock Will Soar After Nov. 4 (Hint: It's Not Palantir)Key Points-Investors will be waiting eagerly to see what Palantir's upcoming earnings report has in… [+147 chars]",https://biztoc.com/x/201fef8ccb978933
newsapi,2025-10-27 14:51:47+00:00,machine learning,"The Hidden Cost of AI at Work: Your Self-Compassion New research reveals a troubling trend: As workers adapt to AI tools, their self-compassion declines. Discover how to protect your well-being in this new technological landscape. Have you noticed how your self-talk changes when working with artificial intelligence (AI) tools? One moment you're confidently completing familiar tasks, the next you're questioning your skills, rel… [+4186 chars]",https://www.psychologytoday.com/us/blog/from-functioning-to-flourishing/202510/the-hidden-cost-of-ai-at-work-your-self-compassion
newsapi,2025-10-27 14:41:15+00:00,machine learning,"Acting in Self-Defense A look at the mechanics and economics of the AI-enabled cybercriminal frontier, plus actionable insights for defense. AI and the Democratization of CybercrimeDOI: 10.1145/3760249https://bit.ly/3HnXYbB
Artificial intelligence (AI) has become one of the most potent force multipliers the criminal underground has ever … [+9056 chars]",http://cacm.acm.org/opinion/acting-in-self-defense/
